{
  "best_model": "Logistic Regression",
  "best_model_score": 0.49754901960784315,
  "test_accuracy": 0.5040650406504065,
  "test_balanced_acc": 0.48839009287925694,
  "test_f1": 0.47696061345416524,
  "confusion_matrix": [
    [
      17,
      21
    ],
    [
      40,
      45
    ]
  ],
  "feature_importance": null
}